{
    "skip2004": 2728.8935317808155,
    "wjn_fan": 2759.256475705301,
    "llloserqz": 2357.9465136224576,
    "TeacherZhou": 2161.530386740332,
    "GSH": 1772.8424946887747,
    "yangjl_": 2055.6056044960146,
    "CLY12": 2238.7383725175855,
    "rzh123": 2048.2299827572424,
    "caoshurui": 1909.2700389692043,
    "Hoshitsuki": 2028.7663521419872,
    "qbf_super_fan": 2784.0,
    "bawang": 1241.0,
    "luanmenglei": 1841.4611836947474,
    "RobertoFirmino": 2025.0417786488931,
    "apricity": 1972.040012444854,
    "yxx": 1911.078061933691,
    "hongrock": 2018.7645188374777,
    "namineko0606": 1909.7575710945825,
    "PTqwq": 2349.641136055997,
    "Apteryxx": 2050.7880802978834,
    "yh2022gt": 2011.7416632799457,
    "efy": 1870.9160745404351,
    "Moyou": 1723.2514161748725,
    "tiaotiao2011": 518.9595516353443,
    "Jelly_prx": 1925.9418415521488,
    "Shiro_S": 1850.246878758187,
    "uryo1903": 1999.9609175763605,
    "liupengsay": 2002.2509322279566,
    "navel_tos": 863.2786260236763,
    "sakuda00": 1620.327072981697,
    "cwxzh": 1981.4995136721432,
    "fantis": 2150.5214768870114,
    "Plan8": 1946.0764717482305,
    "pein531": 1831.5538934064732,
    "Zaunese": 2494.0,
    "Fighoh": 1616.6701717961214,
    "TooooSimple": 1583.0103217762053,
    "jimmy2024": 1868.507389921204,
    "DerrickLo": 1897.5811190289241,
    "lzy2018": 1638.5117470379225,
    "FplusFplusF": 1870.8386117835912,
    "miiitomi": 1862.3242882052732,
    "shkii": 1892.9915636829855,
    "haruharuwild": 1835.537858308128,
    "ripity": 1818.9004093057922,
    "guoxiangyu": 1900.427216874485,
    "uwouni": 2287.492426327201,
    "askr_58": 1846.0241278051396,
    "lsr": 1416.2854268466233,
    "MatsuTaku": 1700.5626939003778,
    "programmingysx": 1799.2076430900192,
    "Flkanjin": 1887.4951711516337,
    "DanieI_lele": 2180.329663459763,
    "chenyanxi": 1858.074704456216,
    "The_Samurai": 1889.7060594098734,
    "cexen": 1919.0084076834617,
    "zpl": 1841.720131192846,
    "sho_": 1999.8617148389485,
    "makichan": 1774.2853338939005,
    "llzer": 1440.7912966619895,
    "Sanat_": 1991.3072290739165,
    "skkkh": 1935.7650041086617,
    "Dabkipsy7": 1692.9464481941836,
    "JOliva": 1803.0678895104043,
    "KSCD_": 1540.4874621754634,
    "gyouzasushi": 1931.0864170900593,
    "ilovefsy": 2454.6556228778018,
    "kokosei": 1970.0552575726867,
    "zzzzzz2": 1713.3034862780228,
    "mahdi_hasnat": 1890.4673329717893,
    "Pech1": 1947.732059848974,
    "yuuki_n": 1884.3521359327035,
    "lddlinan": 2004.1007964130247,
    "JueFan": 2000.8602242145776,
    "Starrykiller": 1675.1658317103993,
    "shogo314": 1938.2893307011282,
    "PengAo": 1839.948586234125,
    "amcbn": 1338.8574441988985,
    "shakayami": 1975.7391293403982,
    "Drimpossible": 1695.6549369693428,
    "aufan": 1723.6263039574865,
    "tatacky": 1898.965981143877,
    "takumi152": 1943.5706292162947,
    "hato_": 1997.505334741577,
    "smallpeter": 1772.1135880693362,
    "i_i_": 2400.810700785112,
    "LG805653": 1796.8564135427862,
    "goodspeed": 1653.2399418477728,
    "LIUIR": 1470.524115254849,
    "lovely_cyc": 1875.0074185303708,
    "wzj33300": 1681.3598529195235,
    "n_o_n_o_n": 1826.011094675911,
    "diobrando97": 1807.9388013592252,
    "toyuzuko": 1848.7629111661684,
    "lky7674": 2545.6236162361624,
    "tansiyang666": 1948.4185198346922,
    "rlangevin": 1923.6188896814747,
    "yama2019": 1553.3068035336594,
    "shoyuuu": 1970.1844001833608,
    "msk_sama": 1558.4736842105265
}