{
    "AFOer": 2993.1941004002565,
    "AdamGS": 1878.8232460394954,
    "Agreb": 2512.758817365536,
    "AmSen": 2158.040561572096,
    "AndrewG": 2768.612170856151,
    "BadWaper": 2259.541857332101,
    "Belik": 2678.9932366420117,
    "BigBag": 2624.9761292666635,
    "Brovko": 2550.3569616223404,
    "CHD": 2112.9331190612284,
    "CJzhouhuanyi": 2730.2189155629067,
    "CSQ24": 2026.1134063358138,
    "Chengxixi": 2648.130290955888,
    "DEGwer": 2639.562395638434,
    "DanieI_lele": 2188.4322110607595,
    "Dart_Xeyter": 1977.5993516889478,
    "Daylight": 2015.0942128722913,
    "DmitryLzr": 1977.6555458291098,
    "Ebishu0309": 1939.0539102342123,
    "FMota": 2273.8252574966373,
    "FUN_Morikubo": 2078.0356590155006,
    "Flamire": 2644.8740860541952,
    "FlowerOfSorrow": 2464.540039923967,
    "Forested": 2794.892946943467,
    "Fu_L": 2039.0296950689317,
    "GOTKAKO": 2089.1588665013865,
    "GoldIngot": 1985.7069608247402,
    "Golovanov399": 2753.2953153734584,
    "HBit": 2155.8677394358306,
    "HH2JZ": 2146.095880707867,
    "Haa": 2149.700771605726,
    "Hanghang": 2168.4035633401313,
    "Hasan0540": 1877.0783990399336,
    "Hyperbolic": 2491.1768170059604,
    "JCY_": 1716.7251093597226,
    "Jie_XuSheng": 2104.2380296675997,
    "JoesSR": 3413.7894736842104,
    "JooDdae": 1994.6038438888797,
    "KKT89": 2064.5510593559256,
    "KLPP": 2509.9958140356407,
    "Katu2ou": 1948.3212844189022,
    "KevinLikesCoding": 2002.2195099133157,
    "Kieray": 2157.5407344375762,
    "LHF": 2850.7777437237132,
    "LYinMX": 2000.6111615107368,
    "L_Hospital_": 2258.700854735858,
    "Lgx_": 2251.608135362295,
    "Linxrain": 1935.415384973516,
    "MAKMED1337": 2089.6423456031334,
    "MMNMM": 2514.270911520246,
    "MTGS": 2121.2892717372224,
    "Magentor": 2115.092782700968,
    "Marcin": 3050.7829682702795,
    "MathGorilla": 2030.3697389226313,
    "Miracle_Creater": 2819.421052631579,
    "Misuki": 2137.7633232962226,
    "MtSaka": 2343.7399510951363,
    "Nachia": 3070.5777960136184,
    "Nesraychan": 2779.8071883395232,
    "Nyaan": 2739.485823621898,
    "OIer_kzc": 2382.4113821250507,
    "Oolimry": 2267.481132826171,
    "PCTprobability": 2765.9762660230117,
    "Petr": 3182.4534522114423,
    "PetroTarnavskyi": 2300.5029404556776,
    "Phi001": 2092.3837083569388,
    "PinkRabbit": 2335.5008905564855,
    "PrussianBlue": 1954.0782225869643,
    "QCFium": 2799.7003714138987,
    "QgQ": 2366.491687616441,
    "RUSH_D_CAT": 2033.8809336376703,
    "Ra16bit": 2377.5378054219905,
    "Radewoosh": 3320.288093953147,
    "Rice_tawara459": 2297.5935235401794,
    "Ritos": 2116.9590674236574,
    "Rogi": 2010.0255203697768,
    "RomaWhite": 2805.737560190427,
    "Rubikun": 2825.78885977199,
    "SHZhang": 2740.4193466621355,
    "SSRS": 2750.7332766894606,
    "SanguineChame": 2332.19486507,
    "Series_205": 2296.6013994709847,
    "Shibuyap": 2218.1101769514385,
    "Shirotsume": 2004.9940137231056,
    "Shun_PI": 2275.415280295048,
    "Slephy": 1993.7196793776227,
    "StarSilk": 2830.5162801034126,
    "TKO": 2162.0312008071483,
    "Turkhuu": 2059.8295379005176,
    "Um_nik": 3454.079356746135,
    "VasyaMer": 2015.426985918713,
    "VividCycle": 2183.7381064193146,
    "WA_TLE": 2933.426038967396,
    "XiaJiaFeng": 3209.953867439162,
    "Yarema": 2027.0840496434773,
    "YuJiahe": 2065.1763255331734,
    "Yukkku": 2169.0352683154147,
    "Z__atcoder": 2269.8977895888133,
    "a1048576": 2008.8059452569587,
    "adapchi": 2058.5165259230353,
    "afuafu": 2143.019010010128,
    "ainta": 2963.126739097869,
    "akua": 1962.9447436913524,
    "anmichi": 2300.29437902537,
    "apiad": 3492.2079333066517,
    "apoorv_me": 1911.6724083714546,
    "aqx_AK_xyf": 2359.784341723327,
    "areik": 2032.9892204167775,
    "arvindf232": 2975.682456017127,
    "ast123": 2401.824136385137,
    "athj": 2156.015289144695,
    "azimanov": 2189.9416664136606,
    "bribritt": 2114.725698050641,
    "byteroad1177": 2597.8419330419283,
    "catupper": 2477.12188398255,
    "chenyitaoooo": 2120.085371688398,
    "chinerist": 2783.520178067872,
    "chmpro": 2034.1454854572091,
    "chokudai": 2996.4394876070583,
    "chro4896": 2082.9436753161494,
    "cirno3153": 2126.831365308958,
    "cled0328": 1932.9098781575024,
    "cqbzdj": 2259.65288535967,
    "cwxzh": 2087.073766292947,
    "cxm1024": 2395.5340925948976,
    "dnialh": 2884.809480181141,
    "drogskol": 2076.829249476845,
    "duck_pear": 2052.3799339070474,
    "dyktr_06": 1968.5679766729772,
    "east1016": 2069.890602072739,
    "eatmore": 3129.269972883637,
    "ecnerwala": 3569.892104282378,
    "ecottea": 2301.4370372472135,
    "edu": 2075.9776479371844,
    "eijirou": 1976.3432614378655,
    "emthrm": 2469.4363244923948,
    "endagorion": 3350.314263609678,
    "f3e6g4": 2759.852542461834,
    "fIying": 2421.131675790843,
    "famafka": 2062.771268975629,
    "fangxintong": 2036.9017036772611,
    "fuppy0716": 2527.3373254320622,
    "gabrielwu": 2529.6598587428107,
    "glancing_back": 2023.330623346119,
    "googol_S0": 2495.1483402115337,
    "hamamu": 2031.1307458827266,
    "hamo21": 2080.44435984335,
    "happybob": 2392.08520631754,
    "hato_": 2003.208441845292,
    "hint908": 2150.290290797981,
    "hir35": 2081.4709966844766,
    "hiratai": 2086.2170482019924,
    "hirayuu_At": 2383.6460877459926,
    "hiro1729": 2014.346382900017,
    "hirosegolf": 2261.238595887313,
    "hitoare": 2852.740186612452,
    "hitonanode": 2999.3935502393006,
    "hos_lyric": 3091.493362894954,
    "houren": 2007.927987371015,
    "hysbz": 2467.894766617499,
    "ikatakos": 1980.0381673604984,
    "imjqaq": 2188.574729298971,
    "itigo": 1988.6576623477924,
    "jbwlgvc": 2717.3213712174243,
    "jin_matakich": 2039.5489386825996,
    "jinqihao2026": 2515.8547431274756,
    "junis3": 2053.2167247763887,
    "juruozjj": 2352.940512208602,
    "k1r1t0": 2085.175875482306,
    "kai1000_don": 2314.9635488643826,
    "kaichou243": 2027.2959681265738,
    "karinohito": 2217.0864806803625,
    "keisuke6": 2227.7603909253908,
    "kenken714": 2009.7879494469994,
    "kiyoshi0205": 2169.406476298391,
    "kmjp": 2558.356491617318,
    "ksun48": 3627.0748638129257,
    "kyopro_zombie": 2892.7954179424864,
    "l_l_": 2549.4518755429635,
    "lacitirc": 2200.5370691551057,
    "leaf1415": 2461.406339070106,
    "leihonglongyin": 2141.889702179762,
    "leukocyte": 2256.4780425878434,
    "lgdmeow": 2575.908533041956,
    "liqingyang": 2630.608423405248,
    "lisifu": 2241.489749154133,
    "liyelin": 2033.8421369545385,
    "lnw143": 2007.1538477280628,
    "lotusblume": 2048.950665848707,
    "lovely_cyc": 2005.1288011352826,
    "lzy2018": 1858.5583586729774,
    "m_99": 2774.0336076150265,
    "magurofly": 2050.1595955292437,
    "maomao90": 2390.4105608012173,
    "maspy": 2860.993969705997,
    "milkcoffee": 2015.2338816873412,
    "miscalculation53": 2076.4818404855578,
    "moeka": 2221.2937139361584,
    "momohara": 2052.9557421933387,
    "mono_1729": 2011.1531692509081,
    "mshcherba": 2048.717280109583,
    "myfjchx": 2019.3875230571102,
    "namineko0606": 2076.3798709502817,
    "naniwazu": 1968.847102015132,
    "natsugiri": 2838.1632611675996,
    "neal": 2808.4322357515684,
    "newbiedmy": 3465.935586752945,
    "ngtkana": 2175.8751574993375,
    "nife": 2231.1887339408186,
    "noimi": 2910.7995317655477,
    "noshi91": 3066.1566790088577,
    "nouka28": 1976.0682965210779,
    "noya2": 2407.352825993592,
    "nuip": 2780.0778241593107,
    "ococonomy1": 2040.7200507965854,
    "oleh1421": 2768.616983359196,
    "otoshigo": 2060.119770371178,
    "patrikpavic2": 2573.3725212153113,
    "physics0523": 2389.6169616204184,
    "pkhaustov": 2017.7525736025154,
    "platter": 2282.988609107152,
    "ponjuice": 2306.785307132563,
    "primenumber": 2275.155284577138,
    "progmatic": 2748.6215321281593,
    "qwerasdfzxcl": 1977.3711753070745,
    "qwerty787788": 2455.7457844199394,