{
    "0_and_1": 1000,
    "0num4": 1000,
    "3110kounotori": 1000,
    "A7075": 1169.516516084161,
    "ASHUN": 1246.0000000000002,
    "Age8": 1225.8494376922743,
    "Almach3D": 654.2348025150704,
    "Almond": 1384.0863626565704,
    "Ang107": 1811.1590162521777,
    "Anko1245": 833.5986977245533,
    "Apollo_Kuro": 685.2878228782288,
    "Aqua3k": 1356.4644352349403,
    "Atner": 1000,
    "AwashAmityOak": 1209.500316763118,
    "Azukiii": 1292.1365313653134,
    "BFS84": 1000,
    "BenKenobi": 1284.655224606968,
    "BinomialSheep": 1544.4334523232394,
    "BlueLizard": 1000,
    "Bolero": 1535.3393467360224,
    "Butterf1v": 1328.5166051660517,
    "C4r0ck": 1031.639302627844,
    "CHD": 860.1154405350393,
    "Cacaonib": 920.3416690898517,
    "Cafe_j19419": 1291.9963099630997,
    "CatAzusa": 1395.0500145391106,
    "CatYukarin": 905.0479704797049,
    "Comavius": 1327.8286228453371,
    "CrafterKolyan": 1000,
    "Cuyos1902": 665.3416690898517,
    "Cyclog": 1105.1955719557195,
    "D4Cngo": 898.7032732270643,
    "DawnMoonRai": 981.3579335793358,
    "Dispersion": 1473.04129420852,
    "ENTY": 1340.0,
    "Ekusok": 872.0,
    "ExplodingFreeze": 1750.3101338358667,
    "FRSs": 1000,
    "FURUOSHAN": 1000,
    "FUTO4": 1132.0526315789473,
    "ForgetMeNot": 1000,
    "FplusFplusF": 1726.433496032228,
    "Frank66": 238.5350553505535,
    "Fuyuru": 1395.1296362146857,
    "G4NP0N": 1809.931666826455,
    "GOTKAKO": 1292.403249156681,
    "Galaxy_zhao": 425.81942425123583,
    "Gobi": 1649.7972379016517,
    "HBit": 1965.2107204840606,
    "HJZhao": 1000,
    "Happy_tororouma": 1000,
    "Harui": 689.9473684210526,
    "HayatoFujihara": 1000,
    "Hec": 1502.8505260678849,
    "IHa": 1460.3511477906484,
    "Ichigo_E": 961.9219555078021,
    "Isshii": 1408.3467908513223,
    "Jeffrey": 2035.1052631578948,
    "Jirotech": 2557.4210758310414,
    "Joshatr": 232.00000000000003,
    "K_274": 1484.440615584221,
    "Kawa_": 1000,
    "Klavis": 1045.365680497461,
    "Kohenyan": 1203.1519815962204,
    "Koi51": 1857.827503422392,
    "Kugenuma": 1455.0968304739752,
    "L3_035966": 1168.3207327711546,
    "Levixi": 1434.1674033654197,
    "LiKaf": 1188.6691098681079,
    "Licht12": 934.0,
    "LordPiyush": 1000,
    "LyricalMaestro": 1429.059916286988,
    "M3_cp": 1316.4758022119408,
    "MKII": 1425.8833963361442,
    "MNoNamer": 79.00000000000001,
    "Many712": 1000,
    "MathGorilla": 2169.70669954548,
    "Mayimg": 1658.6200021251,
    "Mdsc286": 1593.0,
    "Modifier": 1211.6001812268737,
    "Moegi": 1994.1278444532581,
    "Mottchan": 678.7483262513366,
    "MulticolorWorld": 1129.1013350542396,
    "NIWATAMI": 1654.333527188136,
    "NO9kokonoka": 1282.4355917417856,
    "NONODOKA": 1357.0,
    "N_noa21": 1000,
    "Nauclhlt": 579.0,
    "NekoTensor": 1000,
    "Not_Leonian": 1163.1858090306603,
    "Nuum_kensei": 630.1788310555395,
    "PCT2506": 511.28413284132847,
    "PCTprobability": 1266.3605829649678,
    "Pcarot": 1175.7158671586715,
    "Pech1": 1955.6470474995829,
    "Piiiii": 1902.7450317262978,
    "Pon12345": -10.052631578947368,
    "Potemashu": 1452.0893657504485,
    "PrussianBlue": 1682.788254258595,
    "QWERTOP18": 1000,
    "QiToY": 904.6590748282471,
    "RSK0915": 599.8081180811809,
    "Ri4385": 1571.1065395198755,
    "Rice_tawara459": 1783.1166822402206,
    "Rick2200": 1506.1632870688077,
    "RinSakamichi": 1764.514656943143,
    "Risen": 1991.010744768846,
    "Romilli": 1050.2583025830259,
    "Rusty": 1269.3994371245162,
    "Ryojam": 618.0,
    "SAKUO500": 861.0479704797048,
    "STInverSpinel": 892.3264599170337,
    "S_shun": 1295.7009376378267,
    "Saerio": 1000,
    "Saki1103": 1066.3684210526317,
    "Sanuth": 1000,
    "Shibungi": 1638.457567318146,
    "Shibuyap": 1973.9690584921173,
    "Shirotsume": 1248.9886276286263,
    "Shizuki55": 1000,
    "Shun_PI": 2546.7532914055396,
    "ShunkiKyoya": 871.0,
    "Sliver_ji": 1000,
    "Someone0256": 1256.1771217712178,
    "Sphere9": 1648.0,
    "Spica08": 1463.36905805608,
    "Sui8": 546.949930767523,
    "Sunshine28aki": -3.94736842105264,
    "T101010101": 1786.5904059040593,
    "TWShaun": 802.0,
    "T_c_t_i_c": 1000,
    "Taiki0715": 1005.739042502827,
    "TakaPP": 892.9473684210527,
    "Taniquchi": 1000,
    "Tekyla4869": 1541.872326129416,
    "The_Bouningeeeen": 1002.8365804012795,
    "ToastUz": 1607.3680350825518,
    "Tr_2SA1015": 1003.3492091582676,
    "Trilink": 1623.6089781948272,
    "Trineutron": 1613.2016501176176,
    "Tsultra": 1539.196983632862,
    "Twil3": 702.0000000000001,
    "UMRgurashi": 931.3360899367385,
    "USA": 2668.1438199353165,
    "Ueddy": 1569.3397990003737,
    "Untitle": 640.1578791711289,
    "Vintage_Coder09": 1000,
    "WINGU": 1344.558471110863,
    "Wayne2": 1000,
    "Xflp": 1200.0616458272755,
    "Xseventh2022": 624.7894736842106,
    "YZ_": 1000,
    "Yakumo221": 1000,
    "YamagenSakam": 1777.4750865755107,
    "Yucha": 1416.3603203837122,
    "Yuki_B": 1562.1430318331934,
    "Yuki_H42": 1000,
    "YuuuT": 1394.1597927019673,
    "Zig3014": 1412.1439114391144,
    "_MASSIMO_": 1000,
    "a1048576": 1062.6626926432102,
    "aaa23": 1438.475995080278,
    "aaaaaaaaaa2230": 1661.730555744028,
    "abesy8688": 879.9261992619927,
    "adapchi": 2004.4355917417859,
    "aito221": 459.30995580083516,
    "akasinn": 940.949208367372,
    "akebono03": 924.1443776447169,
    "allegrogiken": 1570.4582930952856,
    "amanogawa": 1776.3037776855265,
    "ansain": 1445.3993905238156,
    "aoking": 976.8234263115494,
    "aprilhare": 1236.479704797048,
    "arfz": 1804.9424924024845,
    "arimatti": 1717.2705555429206,
    "ark496": 1591.5496150289284,
    "asi1024": 2418.6264145562923,
    "askr_58": 1541.9822669076893,
    "assy": 1909.3071817303519,
    "atofujiosukai": 1554.9087825444992,
    "ayu0616": 1320.0496220377954,
    "azusa300": 985.0,
    "basicbaitur": 1000,
    "beagleworks": 991.7209258714872,
    "berry": 1398.1520297357097,
    "besukohu": 1873.658977738734,
    "bin101": 2207.7636259327896,
    "bio4eta": 1703.6243012180653,
    "bird01": 1476.0348552313776,
    "blueberry1001": 1171.2710225735236,
    "bmiabout15": 1000,
    "bo9chan": 1718.7928156838634,
    "bowwowforeach": 2550.3914816761126,
    "breso": 2070.040709508578,
    "bribritt": 1111.5263157894738,
    "bugbuddy": 1264.0000000000002,
    "calculator23": 568.7448644879605,
    "capy_kun": 1240.177363246525,
    "chenyanxi": 919.0,
    "chihi311": 1364.8633811323655,
    "chimaki821": 1657.1780147978182,
    "chumumu": 1672.6715867158673,
    "close_fish": 830.0,
    "coco0715": 913.1845187639336,
    "cottoncotton": 1462.1470389571343,
    "cuthbert": 2279.9526279410466,
    "cyan0515": 1004.4405020634418,
    "darake": 1000,
    "digestive": 1210.666521053833,
    "disponat": 1000,
    "dmasu": 896.2264921298209,
    "dn6049949": 2045.1666516129203,
    "dnei": 734.0000000000001,
    "dradra": 1548.7679484749083,
    "dsytk7": 1554.7669415363773,
    "ebicochineal": 1727.0901914673411,
    "ecapsotiuy": 1114.3992439662693,
    "ecto0310": 1014.1456374691705,
    "ei2326": 885.5386728422059,
    "eizi": 1008.7179856872646,
    "eto56": 1298.2261191734885,
    "figjob": 1000,
    "frershao": 806.640505877122,
    "fts_ut": 1000,
    "fujikawahiroaki": 1341.2121871410163,
    "fujishu": 952.684210526316,
    "fumin29": 1495.464370219024,
    "fuzorizumu": 854.7638848502472,
    "fzmet": 1000,
    "ganmodokix": 1639.9492482001915,
    "gazelle": 2091.1771222422194,
    "gengar_094": 1339.9198774392457,
    "geshi_crep23": 348.92462848862147,
    "giaminh8368": 441.89473684210526,
    "gmmtea": 992.2250460128073,
    "gmusya": 1000,
    "gojira_ku": 1064.2759958864413,
    "gomumari56": 1532.8947368421052,
    "gongruixin": 1000,
    "guneguneneguse": 1052.1979401694184,
    "gyouzasushi": 1560.060587538645,
    "hachegawa": 1279.3420273717793,
    "halchoco": 1475.2656826568266,
    "hamao": 1035.0,
    "hanenoaki": 1000,